Authors,Article Title,Publication Year,DOI,WOS ID,
"Azevedo, RBR; Olofsson, P",A branching process model of evolutionary rescue,2021,10.1016/j.mbs.2021.108708,WOS:000718005200001,
"Maslo, B; Fefferman, NH",A case study of bats and white-nose syndrome demonstrating how to model population viability with evolutionary effects,2015,10.1111/cobi.12485,WOS:000357981200024,
"Cotto, O; Wessely, J; Georges, D; Klonner, G; Schmid, M; Dullinger, S; Thuiller, W; Guillaume, F",A dynamic eco-evolutionary model predicts slow response of alpine plants to climate warming,2017,10.1038/ncomms15399,WOS:000400852600001,
"Degottex-Fréy, F; Cheptou, PO",A model for evolutionary rescue through plant mating system,2023,10.1007/s10682-023-10266-0,WOS:001090419200001,
"COLDMAN, AJ; GOLDIE, JH",A MODEL FOR THE RESISTANCE OF TUMOR-CELLS TO CANCER CHEMOTHERAPEUTIC-AGENTS,1983,10.1016/0025-5564(83)90066-4,WOS:A1983RH54800009,
"PEASE, CM; LANDE, R; BULL, JJ","A MODEL OF POPULATION-GROWTH, DISPERSAL AND EVOLUTION IN A CHANGING ENVIRONMENT",1989,10.2307/1938100,WOS:A1989CE15000013,
"Converse, SJ; Bailey, LL; Mosher, BA; Funk, WC; Gerber, BD; Muths, E",A Model to Inform Management Actions as a Response to Chytridiomycosis-Associated Decline,2017,10.1007/s10393-016-1117-9,WOS:000403070700016,
"JOSEPOVITS, G; DOBROVOLSZKY, A",A NOVEL MATHEMATICAL APPROACH TO THE PREVENTION OF FUNGICIDE RESISTANCE,1985,10.1002/ps.2780160104,WOS:A1985ABE2100003,
"Czuppon, P; Day, T; Débarre, F; Blanquart, F","A stochastic analysis of the interplay between antibiotic dose, mode of action, and bacterial competition in the evolution of antibiotic resistance",2023,10.1371/journal.pcbi.1011364,WOS:001050842200008,
"Jones, AG",A theoretical quantitative genetic study of negative ecological interactions and extinction times in changing environments,2008,10.1186/1471-2148-8-119,WOS:000256401200001,
"Khatri, BS; Burt, A",A theory of resistance to multiplexed gene drive demonstrates the significant role of weakly deleterious natural genetic variation,2022,10.1073/pnas.2200567119,WOS:000931973700020,
"Schmid, M; Paniw, M; Postuma, M; Ozgul, A; Guillaume, F",A Trade-Off between Robustness to Environmental Fluctuations and Speed of Evolution,2022,10.1086/719654,WOS:000798109000001,
"Marrec, L; Bitbol, AF",Adapt or Perish: Evolutionary Rescue in a Gradually Deteriorating Environment,2020,10.1534/genetics.120.303624,WOS:000578521400020,
"Glémin, S; Ronfort, J",ADAPTATION AND MALADAPTATION IN SELFING AND OUTCROSSING SPECIES: NEW MUTATIONS VERSUS STANDING VARIATION,2013,10.1111/j.1558-5646.2012.01778.x,WOS:000313364500018,
"Garnier, J; Cotto, O; Bouin, E; Bourgeron, T; Lepoutre, T; Ronce, O; Calvez, V",Adaptation of a quantitative trait to a changing environment: New analytical insights on the asexual and infinitesimal sexual models,2023,10.1016/j.tpb.2023.04.002,WOS:001008873600001,
"Chevin, LM; Lande, R; Mace, GM","Adaptation, Plasticity, and Extinction in a Changing Environment: Towards a Predictive Theory",2010,10.1371/journal.pbio.1000357,WOS:000278125500010,
"LYNCH, M; GABRIEL, W; WOOD, AM",ADAPTIVE AND DEMOGRAPHIC RESPONSES OF PLANKTON POPULATIONS TO ENVIRONMENTAL-CHANGE,1991,10.4319/lo.1991.36.7.1301,WOS:A1991HE78400003,
"Wang, X; Fan, M; Hao, L",Adaptive evolution of body size subject to indirect effect in trophic cascade system,2017,10.1016/j.biosystems.2017.06.003,WOS:000408287100003,
"Scire, J; Hozé, N; Uecker, H",Aggressive or moderate drug therapy for infectious diseases? Trade-offs between different treatment goals at the individual and population levels,2019,10.1371/journal.pcbi.1007223,WOS:000489735000025,
"Kanarek, AR; Webb, CT","Allee effects, adaptive evolution, and invasion success",2010,10.1111/j.1752-4571.2009.00112.x,WOS:000274952800005,
"Knell, RJ; Parrett, JM",Alternative reproductive tactics and evolutionary rescue,2024,10.1093/evlett/qrae010,WOS:001185684800001,
"Haaland, TR; Botero, CA","Alternative responses to rare selection events are differentially vulnerable to changes in the frequency, scope, and intensity of environmental extremes",2019,10.1002/ece3.5675,WOS:000487885600001,
"Osmond, MM; Klausmeier, CA",An evolutionary tipping point in a changing environment,2017,10.1111/evo.13374,WOS:000417567000012,
NISSENME.S,ANALYSIS OF EFFECTS OF ANTIBIOTICS ON BACTERIA BY MEANS OF STOCHASTIC MODELS,1966,10.2307/2528073,WOS:A19668953900007,
"DeFilippo, LB; McManus, LC; Schindler, DE; Pinsky, ML; Colton, MA; Fox, HE; Tekwa, EW; Palumbi, SR; Essington, TE; Webster, MM",Assessing the potential for demographic restoration and assisted evolution to build climate resilience in coral reefs,2022,10.1002/eap.2650,WOS:000815856600001,
"Van Den Elzen, CL; Kleynhans, EJ; Otto, SP",Asymmetric competition impacts evolutionary rescue in a changing environment,2017,10.1098/rspb.2017.0374,WOS:000405955900005,
"Kuparinen, A; Uusi-Heikkilä, S",Atlantic cod recovery from the Allee effect zone: contrasting ecological and evolutionary rescue,2020,10.1111/faf.12470,WOS:000539804700001,
"Greenspoon, PB; Spencer, HG",Avoiding extinction under nonlinear environmental change: models of evolutionary rescue with plasticity,2021,10.1098/rsbl.2021.0459,WOS:000727661300003,
"Bourne, EC; Bocedi, G; Travis, JMJ; Pakeman, RJ; Brooker, RW; Schiffers, K","Between migration load and evolutionary rescue: dispersal, adaptation and the response of spatially structured populations to environmental change",2014,10.1098/rspb.2013.2795,WOS:000332382300010,
"de Mazancourt, C; Johnson, E; Barraclough, TG",Biodiversity inhibits species' evolutionary responses to changing environments,2008,10.1111/j.1461-0248.2008.01152.x,WOS:000254628000009,
"Jones, EI; Gomulkiewicz, R","Biotic Interactions, Rapid Evolution, and the Establishment of Introduced Species",2012,10.1086/663678,WOS:000299000400001,
"Mikaberidze, A; McDonald, BA; Bonhoeffer, S",Can High-Risk Fungicides be Used in Mixtures Without Selecting for Fungicide Resistance?,2014,10.1094/PHYTO-07-13-0204-R,WOS:000332850900001,
"Matuszewski, S; Hermisson, J; Kopp, M",Catch Me if You Can: Adaptation from Standing Genetic Variation to a Moving Phenotypic Optimum,2015,10.1534/genetics.115.178574,WOS:000359917000022,
"Hermann, RJ; Becks, L",Change in prey genotype frequency rescues predator from extinction,2022,10.1098/rsos.220211,WOS:000814416500005,
"Blechschmidt, J; Wittmann, MJ; Blüml, C",Climate Change and Green Sea Turtle Sex Ratio-Preventing Possible Extinction,2020,10.3390/genes11050588,WOS:000542276700110,
"Northfield, TD; Ives, AR",Coevolution and the Effects of Climate Change on Interacting Species,2013,10.1371/journal.pbio.1001685,WOS:000330350700017,
"Nuismer, SL; Week, B; Aizen, MA",Coevolution Slows the Disassembly of Mutualistic Networks,2018,10.1086/699218,WOS:000444262900009,
"Yacine, Y; Allhoff, KT; Weinbach, A; Loeuille, N",Collapse and rescue of evolutionary food webs under global warming,2021,10.1111/1365-2656.13405,WOS:000607184700001,
"Gralka, M; Fusco, D; Martis, S; Hallatschek, O",Convection shapes the trade-off between antibiotic efficacy and the selection for resistance in spatial gradients,2017,10.1088/1478-3975/aa7bb3,WOS:000406013100002,
"Henriques, GJB; Osmond, MM",Cooperation can promote rescue or lead to evolutionary suicide during environmental change,2020,10.1111/evo.14028,WOS:000540204000001,
"Hobbelen, PHF; Paveley, ND; van den Bosch, F",Delaying Selection for Fungicide Insensitivity by Mixing Fungicides at a Low and High Risk of Resistance Development: A Modeling Analysis,2011,10.1094/PHYTO-10-10-0290,WOS:000295185300011,
"Gomulkiewicz, R; Houle, D",Demographic and Genetic Constraints on Evolution,2009,10.1086/645086,WOS:000271425900002,
"Stoltz, SS; Griswold, CK; Husband, BC",Demographic and genetic factors affect the use of translocation for evolutionary rescue: A case study of American chestnut using simulation,2026,10.1111/1365-2664.70326,WOS:001720340100001,
"Draghi, JA; McGlothlin, JW; Kindsvater, HK",Demographic feedbacks during evolutionary rescue can slow or speed adaptive evolution,2024,10.1098/rspb.2023.1553,WOS:001161940700011,
"Reed, TE; Gienapp, P; Visser, ME",Density dependence and microevolution interactively determine effects of phenology mismatch on population dynamics,2015,10.1111/oik.01398,WOS:000347052300010,
"Helps, JC; Paveley, ND; White, S; van den Bosch, F",Determinants of optimal insecticide resistance management strategies,2020,10.1016/j.jtbi.2020.110383,WOS:000558086300006,
"COMINS, HN",DEVELOPMENT OF INSECTICIDE RESISTANCE IN PRESENCE OF MIGRATION,1977,10.1016/0022-5193(77)90119-9,WOS:A1977CX98200009,
"Riederer, JM; Weissing, FJ",Do alternative reproductive tactics facilitate evolutionary rescue? A comment on Knell & Parrett 2024,2026,10.1093/evlett/qraf049,WOS:001651395900001,
"Day, T; Read, AF",Does High-Dose Antimicrobial Chemotherapy Prevent the Evolution of Resistance?,2016,10.1371/journal.pcbi.1004689,WOS:000369366100023,
"Cheptou, PO",Does the evolution of self-fertilization rescue populations or increase the risk of extinction?,2019,10.1093/aob/mcy144,WOS:000462548600009,
"Muralidhar, P; Veller, C",Dominance shifts increase the likelihood of soft selective sweeps,2022,10.1111/evo.14459,WOS:000778851900001,
"Kepler, TB; Perelson, AS",Drug concentration heterogeneity facilitates the evolution of drug resistance,1998,10.1073/pnas.95.20.11514,WOS:000076222200006,
"Delaney, O; Brown, CRP; Letten, AD; Engelstäder, J",Drug mode of action and resource constraints modulate antimicrobial resistance evolution,2026,10.1016/j.jtbi.2025.112316,WOS:001629503400001,
"Komarova, NL; Wodarz, D",Drug resistance in cancer: Principles of emergence and prevention,2005,10.1073/pnas.0501870102,WOS:000230406000049,
"Kuosmanen, T; Cairns, J; Noble, R; Beerenwinkel, N; Mononen, T; Mustonen, V",Drug-induced resistance evolution necessitates less aggressive treatment,2021,10.1371/journal.pcbi.1009418,WOS:000702428100006,
"Wu, Y; Saddler, CA; Valckenborgh, F; Tanaka, MM",Dynamics of evolutionary rescue in changing environments and the emergence of antibiotic resistance,2014,10.1016/j.jtbi.2013.09.026,WOS:000327688800024,
"Weyerer, F; Weinbach, A; Zarfl, C; Allhoff, KT",Eco-evolutionary dynamics in two-species mutualistic systems: one-sided population decline triggers joint interaction disinvestment,2023,10.1007/s10682-023-10264-2,WOS:001080561000001,
"Patel, S; Lyberger, K; Vegvari, C; Gulbudak, H",Eco-evolutionary dynamics of anthelmintic resistance in soil-transmitted helminths,2025,10.1016/j.tpb.2025.03.006,WOS:001476234400001,
"Eriksson, M; Pontarp, M",Eco-Evolutionary Dynamics of Generalist and Specialist Pollinators Facing Plant Diversity Changes,2026,10.1002/ece3.73182,WOS:001703847700001,
"Henry, RC; Bocedi, G; Travis, JMJ",Eco-evolutionary dynamics of range shifts: Elastic margins and critical thresholds,2013,10.1016/j.jtbi.2012.12.004,WOS:000320216000001,
"Ferriere, R; Legendre, S","Eco-evolutionary feedbacks, adaptive dynamics and evolutionary rescue theory",2013,10.1098/rstb.2012.0081,WOS:000311946400003,
"DiRenzo, GV; Zipkin, EF; Grant, EHC; Royle, JA; Longo, AV; Zamudio, KR; Lips, KR",Eco-evolutionary rescue promotes host-pathogen coexistence,2018,10.1002/eap.1792,WOS:000451913200003,
"Norberg, J; Urban, MC; Vellend, M; Klausmeier, CA; Loeuille, N",Eco-evolutionary responses of biodiversity to climate change,2012,10.1038/NCLIMATE1588,WOS:000310104100013,
"Klausmeier, CA; Osmond, MM; Kremer, CT; Litchman, E",Ecological limits to evolutionary rescue,2020,10.1098/rstb.2019.0453,WOS:000589653800010,
"DeLong, JP; Belmaker, J",Ecological pleiotropy and indirect effects alter the potential for evolutionary rescue,2019,10.1111/eva.12745,WOS:000459328300020,
"Pillai, P; Gouhier, TC; Vollmer, SV",Ecological rescue of host-microbial systems under environmental change,2017,10.1007/s12080-016-0310-3,WOS:000397924000004,
"Godineau, C; Theodorou, K; Spigler, RB",Effect of the Seed Bank on Evolutionary Rescue in Small Populations: Univariate and Multivariate Demogenetic Dynamics,2024,10.1086/731402,WOS:001269295200001,
"Kippnich, J; Benz, F; Uecker, H; Baumdicker, F",Effectiveness of CRISPR-Cas in sensitizing bacterial populations with plasmid-encoded antimicrobial resistance,2025,10.1093/genetics/iyaf192,WOS:001600430200001,
"Orive, ME; Barfield, M; Fernandez, C; Holt, RD",Effects of Clonal Reproduction on Evolutionary Lag and Evolutionary Rescue,2017,10.1086/693006,WOS:000411478000005,
"Foo, J; Chmielecki, J; Pao, W; Michor, F",Effects of Pharmacokinetic Processes and Varied Dosing Schedules on the Dynamics of Acquired Resistance to Erlotinib in EGFR-Mutant Lung Cancer,2012,10.1097/JTO.0b013e31826146ee,WOS:000308919400021,
"McDonough, Y; Connallon, T",Effects of population size change on the genetics of adaptation following an abrupt change in environment,2023,10.1093/evolut/qpad103,WOS:001008145100001,
"Mikaberidze, A; Paveley, N; Bonhoeffer, S; van den Bosch, F",Emergence of Resistance to Fungicides: The Role of Fungicide Dose,2017,10.1094/PHYTO-08-16-0297-R,WOS:000399262200005,
"Peniston, JH; Barfield, M; Gonzalez, A; Holt, RD",Environmental fluctuations can promote evolutionary rescue in high-extinction-risk scenarios,2020,10.1098/rspb.2020.1144,WOS:000560426700009,
"Peniston, JH; Barfield, M; Holt, RD; Orive, ME",Environmental fluctuations dampen the effects of clonal reproduction on evolutionary rescue,2021,10.1111/jeb.13778,WOS:000631660800001,
"Gatenby, RA; Artzy-Randrup, Y; Epstein, T; Reed, DR; Brown, JS",Eradicating Metastatic Cancer and the Eco-Evolutionary Dynamics of Anthropocene Extinctions,2020,10.1158/0008-5472.CAN-19-1941,WOS:000514161100023,
"Bonhoeffer, S; Lipsitch, M; Levin, BR",Evaluating treatment protocols to prevent antibiotic resistance,1997,10.1073/pnas.94.22.12106,WOS:A1997YD50600065,
"McManus, LC; Forrest, DL; Tekwa, E; Schindler, DE; Colton, MA; Webster, MM; Essington, TE; Palumbi, SR; Mumby, PJ; Pinsky, ML","Evolution and connectivity influence the persistence and recovery of coral reefs under climate change in the Caribbean, Southwest Pacific, and Coral Triangle",2021,10.1111/gcb.15725,WOS:000659203900001,
"BURGER, R; LYNCH, M",EVOLUTION AND EXTINCTION IN A CHANGING ENVIRONMENT - A QUANTITATIVE-GENETIC ANALYSIS,1995,10.2307/2410301,WOS:A1995RH53700014,
"LYNCH, M; LANDE, R",EVOLUTION AND EXTINCTION IN RESPONSE TO ENVIRONMENTAL-CHANGE,1993,WOS:A1993BX50K00014,WOS:A1993BX50K00014,"Note: add this DOI in .bib file (49 papers, some under Lynch M, 1993 and other Lynch M., 1993)
Cited-References = {}"
"Barfield, M; Holt, RD; Gomulkiewicz, R",Evolution in Stage-Structured Populations,2011,10.1086/658903,WOS:000289237700002,
"Finand, B; Monnin, T; Loeuille, N",Evolution of dispersal and the maintenance of fragmented metapopulations,2024,10.1111/oik.10490,WOS:001112909900001,
"Bürger, R",Evolution of genetic variability and the advantage of sex and recombination in changing environments,1999,10.1093/genetics/153.2.1055,WOS:000083051400044,Note: add this DOI in .bib file (11 papers)
"Heino, M; Hanski, I",Evolution of migration rate in a spatially realistic metapopulation model,2001,10.1086/319927,WOS:000168023500003,
"Iwasa, Y; Nowak, MA; Michor, F",Evolution of resistance during clonal expansion,2006,10.1534/genetics.105.049791,WOS:000237225800044,
"Polechová, J",Evolution of species' range and niche in changing environments,2026,10.1073/pnas.2604510123,WOS:001776016200009,
"Patel, S; Schreiber, SJ",Evolutionarily Driven Shifts in Communities with Intraguild Predation,2015,10.1086/683170,WOS:000363928900001,
"Kovach-Orr, C; Fussmann, GF",Evolutionary and plastic rescue in multitrophic model communities,2013,10.1098/rstb.2012.0084,WOS:000311946400006,
"Knight, TM; Barfield, M; Holt, RD",Evolutionary dynamics as a component of stage-structured matrix models:: An example using Trillium grandiflorum,2008,10.1086/589898,WOS:000258529700009,
"Bozic, I; Reiter, JG; Allen, B; Antal, T; Chatterjee, K; Shah, P; Moon, YS; Yaqubie, A; Kelly, N; Le, DT; Lipson, EJ; Chapman, PB; Diaz, LA; Vogelstein, B; Nowak, MA",Evolutionary dynamics of cancer in response to targeted combination therapy,2013,10.7554/eLife.00747,WOS:000328619300005,
"Iwasa, Y; Michor, F; Nowak, MA",Evolutionary dynamics of escape from biomedical intervention,2003,10.1098/rspb.2003.2539,WOS:000187989900006,
"Iwasa, Y; Michor, F; Nowak, MA",Evolutionary dynamics of invasion and escape,2004,10.1016/j.jtbi.2003.08.014,WOS:000187199000008,
"Clement, DT; Neylan, IP; Roberts, NJ; Schreiber, SJ; Trimmer, PC; Sih, A",Evolutionary History Mediates Population Response to Rapid Environmental Change through Within-Generational and Transgenerational Plasticity,2023,10.1086/723624,WOS:000960177300001,
"Santer, M; Uecker, H",Evolutionary Rescue and Drug Resistance on Multicopy Plasmids,2020,10.1534/genetics.119.303012,WOS:000548924000020,
"Draghi, JA",Evolutionary rescue by adaptive specialization in rapidly changing environments,2026,10.1093/jeb/voaf154,WOS:001659323600001,
"Stana, R; Ben-David, U; Weissman, DB; Ram, Y",Evolutionary rescue by aneuploidy in tumors exposed to anticancer drugs,2025,10.1093/genetics/iyaf098,WOS:001504917000001,
"Fussmann, GF; Gonzalez, A",Evolutionary rescue can maintain an oscillating community undergoing environmental change,2013,10.1098/rsfs.2013.0036,WOS:000330295100010,
"Vanselow, A; Halekotte, L; Feudel, U",Evolutionary rescue can prevent rate-induced tipping,2022,10.1007/s12080-021-00522-w,WOS:000732504700001,
"Hinsch, M; Robertson, DL; Silverman, E",Evolutionary rescue effect can disappear under non-neutral mutations-a reply to Zhang et al. (2022),2024,10.1038/s41467-024-54828-4,WOS:001378128800002,
"Van Dyken, JD",Evolutionary Rescue from a Wave of Biological Invasion,2020,10.1086/706181,WOS:000508259300012,
"Murray, M; Wright, J; Araya-Ajoy, YG",Evolutionary rescue from climate change: male indirect genetic effects on lay-dates and their consequences for population persistence,2024,10.1093/evlett/qrad022,WOS:001031361400001,
"Marrec, L; Bank, C",Evolutionary rescue in a fluctuating environment: periodic versus quasi-periodic environmental changes,2023,10.1098/rspb.2023.0770,WOS:000997505000005,
"Christie, MR; Searle, CL",Evolutionary rescue in a host-pathogen system results in coexistence not clearance,2018,10.1111/eva.12568,WOS:000433572400008,
"Orive, ME; Holt, RD; Barfield, M",Evolutionary Rescue in a Linearly Changing Environment: Limits on Predictability,2019,10.1007/s11538-018-0504-5,WOS:000501450200021,
"Barfield, M; Holt, RD",Evolutionary rescue in novel environments: towards improving predictability,2016,WOS:000392724100005,WOS:000392724100005,Note: add DOI WOS ID in .bib (12)
"Uecker, H","Evolutionary rescue in randomly mating, selfing, and clonal populations",2017,10.1111/evo.13191,WOS:000398545200003,
"Uecker, H; Otto, SP; Hermisson, J",Evolutionary Rescue in Structured Populations,2014,10.1086/673914,WOS:000328241100004,
"Greenspoon, PB; Mideo, N",Evolutionary rescue of a parasite population by mutation rate evolution,2017,10.1016/j.tpb.2017.08.004,WOS:000413176500005,
"Dewan, I; Uecker, H",Evolutionary rescue of bacterial populations by heterozygosity on multicopy plasmids,2025,10.1007/s00285-025-02182-4,WOS:001413930700001,
"Longcamp, A; Draghi, J",Evolutionary rescue of niche constructors from habitat exploitation: Fecundity costs can promote rescue,2025,10.1093/evolut/qpaf090,WOS:001618161700001,
"Wahl, LM; Campos, PRA",Evolutionary rescue on genotypic fitness landscapes,2023,10.1098/rsif.2023.0424,WOS:001104480200004,
"Anciaux, Y; Chevin, LM; Ronce, O; Martin, G",Evolutionary Rescue over a Fitness Landscape,2018,10.1534/genetics.118.300908,WOS:000432188600021,
"Carja, O; Plotkin, JB",Evolutionary Rescue Through Partly Heritable Phenotypic Variability,2019,10.1534/genetics.118.301758,WOS:000460597200012,
"Xu, KY; Vision, TJ; Servedio, MR",Evolutionary rescue under demographic and environmental stochasticity,2023,10.1111/jeb.14224,WOS:001119302300001,
"Longcamp, A; Draghi, J",Evolutionary rescue via niche construction: Infrequent construction can prevent post-invasion extinction,2023,10.1016/j.tpb.2023.06.002,WOS:001037177400001,
"Mellard, JP; de Mazancourt, C; Loreau, M",Evolutionary responses to environmental change: trophic interactions affect adaptation and persistence,2015,10.1098/rspb.2014.1351,WOS:000351770200002,
"Johansson, J",Evolutionary responses to environmental changes: How does competition affect adaptation?,2008,10.1111/j.1558-5646.2007.00301.x,WOS:000253373900014,
"Vinton, AC; Vasseur, DA",Evolutionary tracking is determined by differential selection on demographic rates and density dependence,2020,10.1002/ece3.6311,WOS:000536643600001,
"Flynn, KJ; Skibinski, DOF",Exploring evolution of maximum growth rates in plankton,2020,10.1093/plankt/fbaa038,WOS:000593097700002,
"Engen, S; Sæther, BE",Extinction Risk and Lack of Evolutionary Rescue under Resource Depletion or Area Reduction,2017,10.1086/692011,WOS:000403565000008,
"Matuszewski, S; Hermisson, J; Kopp, M",FISHER'S GEOMETRIC MODEL WITH A MOVING OPTIMUM,2014,10.1111/evo.12465,WOS:000341824100010,
"Chevin, LM",GENETIC CONSTRAINTS ON ADAPTATION TO A CHANGING ENVIRONMENT,2013,10.1111/j.1558-5646.2012.01809.x,WOS:000315894800010,
"Osmond, MM; Otto, SP; Martin, G",Genetic Paths to Evolutionary Rescue and the Distribution of Fitness Effects Along Them,2020,10.1534/genetics.119.302890,WOS:000514602500017,
"Osmond, MM; Coop, G",Genetic Signatures of Evolutionary Rescue by a Selective Sweep,2020,10.1534/genetics.120.303173,WOS:000548924000018,
"Gomulkiewicz, R; Holt, RD; Barfield, M; Nuismer, SL","Genetics, adaptation, and invasion in harsh environments",2010,10.1111/j.1752-4571.2009.00117.x,WOS:000274952800003,
"Bay, RA; Rose, NH; Logan, CA; Palumbi, SR",Genomic models predict successful coral adaptation if future ocean warming rates are reduced,2017,10.1126/sciadv.1701413,WOS:000418002000021,
"Ge, XZ; Newman, JA; Griswold, CK",Geographic variation in evolutionary rescue under climate change in a crop pest-predator system,2024,10.1111/eva.13750,WOS:001273172200001,
"Mohammadi, A; Campos, PRA",Geometric Insights into evolutionary rescue dynamics in a two-deme model,2025,10.1093/evolut/qpaf021,WOS:001452432900001,
"Marshall, DJ; Burgess, SC; Connallon, T","Global change, life-history complexity and the potential for evolutionary rescue",2016,10.1111/eva.12396,WOS:000387763200014,
"Wahl, LM; Tanaka, MM",Hazardous Loss of Genetic Diversity through Selective Sweeps in Asexual Populations,2022,10.1086/717813,WOS:000745651600004,
"Zhang, GM; Baucom, RS",Herbicidal interference: glyphosate drives both the ecology and evolution of plant-herbivore interactions,2025,10.1111/nph.20238,WOS:001457410600032,
"Diggle, AJ; Neve, PB; Smith, FP",Herbicides used in combination can reduce the probability of herbicide resistance in finite weed populations,2003,10.1046/j.1365-3180.2003.00355.x,WOS:000185474400008,
"van Velzen, E",High importance of indirect evolutionary rescue in a small food web,2023,10.1111/ele.14321,WOS:001077553900001,
"Golas, BD; Goodell, B; Webb, CT",Host adaptation to novel pathogen introduction: Predicting conditions that promote evolutionary rescue,2021,10.1111/ele.13845,WOS:000678882800001,
"Cortez, MH; Yamamichi, M",How (co)evolution alters predator responses to increased mortality: extinction thresholds and hydra effects,2019,10.1002/ecy.2789,WOS:000481263500001,
"Osmond, MM; de Mazancourt, C",How competition affects evolutionary rescue,2013,10.1098/rstb.2012.0085,WOS:000311946400007,
"Colijn, C; Cohen, T",How competition governs whether moderate or aggressive treatment minimizes antibiotic resistance,2015,10.7554/eLife.10559,WOS:000373874100001,
"Nordstrom, SW; Hufbauer, RA; Olazcuaga, L; Durkee, LF; Melbourne, BA","How density dependence, genetic erosion and the extinction vortex impact evolutionary rescue",2023,10.1098/rspb.2023.1228,WOS:001184175000001,
"Duputié, A; Massol, F; Chuine, I; Kirkpatrick, M; Ronce, O",How do genetic correlations affect species range shifts in a changing environment?,2012,10.1111/j.1461-0248.2011.01734.x,WOS:000299946200010,
"Deraje, P; Uecker, H",How do mate-finding Allee effects affect evolutionary rescue?,2026,10.1093/evolut/qpag095,WOS:001795677500001,
"Morita, K; Yamamichi, M",How does the magnitude of genetic variation affect ecological and reproductive character displacement?,2023,10.1002/1438-390X.12097,WOS:000691116100001,
"Svensson, EI; Connallon, T","How frequency-dependent selection affects population fitness, maladaptation and evolutionary rescue",2019,10.1111/eva.12714,WOS:000480580300002,
"Kelly, E; Phillips, B",How many and when? Optimising targeted gene flow for a step change in the environment,2019,10.1111/ele.13201,WOS:000457829800003,
"Wirtz, J; Lee, CE; Chevin, LM","Impacts of Epistasis, Recombination, and Genome Architecture on Population Recovery following Radical Habitat Change",2026,10.1086/738517,WOS:001639626200001,
"Moreno-Gamez, S; Hill, AL; Rosenbloom, DIS; Petrov, DA; Nowak, MA; Pennings, PS",Imperfect drug penetration leads to spatial monotherapy and rapid evolution of multidrug resistance,2015,10.1073/pnas.1424184112,WOS:000355832200008,
"Walters, RJ; Berger, D",Implications of existing local (mal)adaptations for ecological forecasting under environmental change,2019,10.1111/eva.12840,WOS:000480580300019,
"Bush, A; Mokany, K; Catullo, R; Hoffmann, A; Kellermann, V; Sgrò, C; McEvey, S; Ferrier, S",Incorporating evolutionary adaptation in species distribution modelling reduces projected vulnerability to climate change,2016,10.1111/ele.12696,WOS:000390025100009,
"Kuparinen, A; Savolainen, O; Schurr, FM",Increased mortality can promote evolutionary adaptation of forest trees to climate change,2010,10.1016/j.foreco.2009.12.006,WOS:000275223300016,
"SHAW, MW",INDEPENDENT ACTION OF FUNGICIDES AND ITS CONSEQUENCES FOR STRATEGIES TO RETARD THE EVOLUTION OF FUNGICIDE RESISTANCE,1989,10.1016/0261-2194(89)90065-3,WOS:A1989CE43100004,
"Yamamichi, M; Miner, BE","Indirect evolutionary rescue: prey adapts, predator avoids extinction",2015,10.1111/eva.12295,WOS:000360312400003,
"Baskett, ML; Gomulkiewicz, R",Introgressive hybridization as a mechanism for species rescue,2011,10.1007/s12080-011-0118-0,WOS:000289478100010,
"Lyberger, KP; Osmond, MM; Schreiber, SJ",Is Evolution in Response to Extreme Events Good for Population Persistence?,2021,10.1086/714419,WOS:000648661800001,
"Condie, SA; Anthony, KRN; Babcock, RC; Baird, ME; Beeden, R; Fletcher, CS; Gorton, R; Harrison, D; Hobday, AJ; Plagányi, ÉE; Westcott, DA",Large-scale interventions may delay decline of the Great Barrier Reef,2021,10.1098/rsos.201296,WOS:000645595600001,
"Schiffers, K; Bourne, EC; Lavergne, S; Thuiller, W; Travis, JMJ",Limited evolutionary rescue of locally adapted populations facing climate change,2013,10.1098/rstb.2012.0083,WOS:000311946400005,
"Geoffroy, F; Uecker, H",Limits to evolutionary rescue by conjugative plasmids,2023,10.1016/j.tpb.2023.10.001,WOS:001113603300001,
"Nordstrom, SW; Melbourne, BA",Longevity Hinders Evolutionary Rescue through Slower Growth but Not Necessarily Slower Adaptation,2026,10.1086/739606,WOS:001700216500001,
"Baiotto, T; Guzman, LM",Maintaining Local Adaptation Is Key for Evolutionary Rescue and Long-Term Persistence of Populations Experiencing Habitat Loss and a Changing Environment,2025,10.1111/eva.70081,WOS:001438013900001,
"Cotto, O; Ronce, O",MALADAPTATION AS A SOURCE OF SENESCENCE IN HABITATS VARIABLE IN SPACE AND TIME,2014,10.1111/evo.12462,WOS:000341824100003,
"Cotto, O; Sandell, L; Chevin, LM; Ronce, O",Maladaptive Shifts in Life History in a Changing Environment*,2019,10.1086/702716,WOS:000485326600012,
"Gomez-Llano, M; Faria, GS; Garcia-Roa, R; Noble, DWA; Carazo, P","Male harm suppresses female fitness, affecting the dynamics of adaptation and evolutionary rescue",2024,10.1093/evlett/qrac002,WOS:001145889800001,
"Walsworth, TE; Schindler, DE; Colton, MA; Webster, MS; Palumbi, SR; Mumby, PJ; Essington, TE; Pinsky, ML",Management for network diversity speeds evolutionary adaptation to climate change,2019,10.1038/s41558-019-0518-5,WOS:000477738300021,
"Trubenova, B; Roizman, D; Rolff, J; Regoes, RR",Modeling Polygenic Antibiotic Resistance Evolution in Biofilms,2022,10.3389/fmicb.2022.916035,WOS:000831271000001,
"Boeye, J; Travis, JMJ; Stoks, R; Bonte, D",More rapid climate change promotes evolutionary rescue through selection for increased dispersal distance,2013,10.1111/eva.12004,WOS:000315184800017,
"Bagawade, R; van Benthem, KJ; Wittmann, MJ",Multi-scale effects of habitat loss and the role of trait evolution,2024,10.1002/ece3.10799,WOS:001138406800001,
"Igler, C; Rolff, J; Regoes, R","Multi-step vs. single-step resistance evolution under different drugs, pharmacokinetics, and treatment regimens",2021,10.7554/eLife.64116,WOS:000661273900001,
"Uecker, H; Hermisson, J",On the Fixation Process of a Beneficial Mutation in a Variable Environment,2011,10.1534/genetics.110.124297,WOS:000293700000015,
"Delaney, O; Letten, AD; Engelstaedter, J",Optimal antimicrobial dosing combinations when drug-resistance mutation rates differ,2025,10.1093/evolut/qpaf123,WOS:001521094200001,
"Ashander, J; Thompson, LC; Sanchirico, JN; Baskett, ML",Optimal investment to enable evolutionary rescue,2019,10.1007/s12080-019-0413-8,WOS:000476843500005,
"Sudo, M; Takahashi, D; Andow, DA; Suzuki, Y; Yamanaka, T",Optimal management strategy of insecticide resistance under various insect life histories: Heterogeneous timing of selection and interpatch dispersal,2018,10.1111/eva.12550,WOS:000426003200012,
"Taylor, NP; Cunniffe, NJ",Optimal Resistance Management for Mixtures of High-Risk Fungicides: Robustness to the Initial Frequency of Resistance and Pathogen Sexual Reproduction,2023,10.1094/PHYTO-02-22-0050-R,WOS:000937944800001,
"Smart, AS; Phillips, BL",Optimizing targeted gene flow to maximize local genetic diversity: when and how to act under various scenarios of environmental change,2023,10.1007/s10592-023-01541-2,WOS:001023684600001,
"Raatz, M; de Azevedo-Lopes, A; Drabik, K; Traulsen, A; Waclaw, B",Pathogen non-planktonic phases within the urinary tract impact early infection and resistance evolution,2024,10.1093/ismejo/wrae191,WOS:001340574400001,
"Kopp, M; Nassar, E; Pardoux, E",Phenotypic lag and population extinction in the moving-optimum model: insights from a small-jumps limit,2018,10.1007/s00285-018-1258-2,WOS:000446715000007,
"Tazzyman, SJ; Bonhoeffer, S",PLASMIDS AND EVOLUTIONARY RESCUE BY DRUG RESISTANCE,2014,10.1111/evo.12423,WOS:000339052000018,
"Aguilée, R; Raoul, G; Rousset, F; Ronce, O",Pollen dispersal slows geographical range shift and accelerates ecological niche shift under climate change,2016,10.1073/pnas.1607612113,WOS:000383954700007,
"Orr, HA; Unckless, RL",Population extinction and the genetics of adaptation,2008,10.1086/589460,WOS:000257986200004,
"Alfaro, M; Ducrot, A",POPULATION INVASION WITH BISTABLE DYNAMICS AND ADAPTIVE EVOLUTION: THE EVOLUTIONARY RESCUE,2018,10.1090/proc/14150,WOS:000445106600020,
"Anciaux, Y; Lambert, A; Ronce, O; Roques, L; Martin, G",Population persistence under high mutation rate: From evolutionary rescue to lethal mutagenesis,2019,10.1111/evo.13771,WOS:000482092600002,
"Xu, KY",Population Rescue through an Increase in the Selfing Rate under Pollen Limitation: Plasticity versus Evolution,2023,10.1086/725425,WOS:001022566100001,
"Goldberg, Y; Friedman, J",Positive interactions within and between populations decrease the likelihood of evolutionary rescue,2021,10.1371/journal.pcbi.1008732,WOS:000620631500010,
"Alexander, HK; Bonhoeffer, S",Pre-existence and emergence of drug resistance in a generalized model of intra-host viral dynamics,2012,10.1016/j.epidem.2012.10.001,WOS:000314510700003,
"Ashander, J; Chevin, LM; Baskett, ML",Predicting evolutionary rescue via evolving plasticity in stochastic environments,2016,10.1098/rspb.2016.1690,WOS:000386489200020,
"Bertram, J; Gomez, K; Masel, J",Predicting patterns of long-term adaptation and extinction with population genetics,2017,10.1111/evo.13116,WOS:000394985200001,
"Patil, S; Ahmed, A; Viossat, Y; Noble, R",Preventing evolutionary rescue in cancer using two-strike therapy,2026,10.1093/genetics/iyaf255,WOS:001667534100001,
"Ribeiro, RM; Bonhoeffer, S",Production of resistant HIV mutants during antiretroviral therapy,2000,10.1073/pnas.97.14.7681,WOS:000088048400006,
"Raatz, M; Traulsen, A",Promoting extinction or minimizing growth? The impact of treatment on trait trajectories in evolving populations,2023,10.1093/evolut/qpad042,WOS:000976111900001,
"Campos, PRA",Quantifying evolutionary rescue probabilities upon standing genetic variation and de novo mutations,2025,10.1103/f5c1-rpc4,WOS:001537528000004,
"Arnscheidt, CW; Rothman, DH",Rate-induced collapse in evolutionary systems,2022,10.1098/rsif.2022.0182,WOS:000805904800002,
"GOLDIE, JH; COLDMAN, AJ; GUDAUSKAS, GA",RATIONALE FOR THE USE OF ALTERNATING NON-CROSS-RESISTANT CHEMOTHERAPY,1982,WOS:A1982NE94800004,WOS:A1982NE94800004,Note: add DOI WOS ID in .bib (2)
"Kouyos, RD; Fouchet, D; Bonhoeffer, S",Recombination and drug resistance in HIV: Population dynamics and stochasticity,2009,10.1016/j.epidem.2008.11.001,WOS:000208232800007,
"Shang, YK; Kasada, M; Kondoh, M",Rescue or murder? The effect of prey adaptation to the predator subjected to fisheries,2024,10.1002/ece3.70336,WOS:001369914100001,
"Marrec, L; Bitbol, AF",Resist or perish: Fate of a microbial population subjected to a periodic presence of antimicrobial,2020,10.1371/journal.pcbi.1007798,WOS:000531366700078,
"Oliveira, VM; Campos, PRA",Resource-based modelling approach to studying evolutionary rescue,2024,10.1103/PhysRevE.110.034406,WOS:001318304700003,
"Nyhoegen, C; Uecker, H",Sequential antibiotic therapy in the laboratory and in the patient,2023,10.1098/rsif.2022.0793,WOS:000906501400008,
"Bonte, D; Hovestadt, T; Poethke, HJ",Sex-specific dispersal and evolutionary rescue in metapopulations infected by male killing endosymbionts,2009,10.1186/1471-2148-9-16,WOS:000263055400002,
"Hangartner, S; Sgrò, CM; Connallon, T; Booksmythe, I",Sexual dimorphism in phenotypic plasticity and persistence under environmental change: An extension of theory and meta-analysis of current data,2022,10.1111/ele.14005,WOS:000772992100001,
"Dekens, L","Sharp habitat shifts, evolutionary tipping points and rescue: Quantifying the perilous path of a specialist species towards a refugium in a changing environment",2024,10.1016/j.tpb.2024.09.001,WOS:001338806000001,
"Wilson, BA; Pennings, PS; Petrov, DA",Soft Selective Sweeps in Evolutionary Rescue,2017,10.1534/genetics.116.191478,WOS:000401126600016,
"Fruet, C; Müller, EL; Loverdo, C; Bitbol, AF",Spatial structure facilitates evolutionary rescue by drug resistance,2025,10.1371/journal.pcbi.1012861,WOS:001463166400001,
"Polechová, J; Barton, N; Marion, G",Species' Range: Adaptation in Space and Time,2009,10.1086/605958,WOS:000271021900002,
"Colijn, C; Cohen, T; Ganesh, A; Murray, M",Spontaneous Emergence of Multiple Drug Resistance in Tuberculosis before and during Therapy,2011,10.1371/journal.pone.0018327,WOS:000289055700047,
"Gunnarsson, EB; Foo, J; Leder, K",Statistical inference of the rates of cell proliferation and phenotypic switching in cancer,2023,10.1016/j.jtbi.2023.111497,WOS:001009542200001,
"Chevin, LM; Cotto, O; Ashander, J",Stochastic Evolutionary Demography under a Fluctuating Optimum Phenotype,2017,10.1086/694121,WOS:000415995200008,
"Austin, DJ; Anderson, RM","Studies of antibiotic resistance within the patient, hospitals and the community using simple mathematical models",1999,10.1098/rstb.1999.0425,WOS:000080160200005,
"Maslo, B; Gignoux-Wolfsohn, SA; Fefferman, NH",Success of Wildlife Disease Treatment Depends on Host Immune Response,2017,10.3389/fevo.2017.00028,WOS:000451560500001,
"TAYLOR, CE; GEORGHIOU, GP",SUPPRESSION OF INSECTICIDE RESISTANCE BY ALTERATION OF GENE DOMINANCE AND MIGRATION,1979,10.1093/jee/72.1.105,WOS:A1979GP21900034,
"Trubenová, B; Krejca, MS; Lehre, PK; Kötzing, T",Surfing on the seascape: Adaptation in a changing environment,2019,10.1111/evo.13784,WOS:000474031600001,
"Tanaka, MM; Wahl, LM",Surviving environmental change: when increasing population size can increase extinction risk,2022,10.1098/rspb.2022.0439,WOS:000806360700012,
"Alejandre, C; Calle-Espinosa, J; Iranzo, J",Synergistic epistasis among cancer drivers can rescue early tumors from the accumulation of deleterious passengers,2024,10.1371/journal.pcbi.1012081,WOS:001251024000001,
"Leidinger, L; Vedder, D; Cabral, JS",Temporal environmental variation may impose differential selection on both genomic and ecological traits,2021,10.1111/oik.08172,WOS:000647857800001,
"Lambert, A; Achaz, G; Le Rouzic, A; Loison, L",The Baldwin Effect Reloaded: Intermediate Levels of Phenotypic Plasticity Favor Evolutionary Rescue,2025,10.1086/737198,WOS:001570676700001,
"Thompson, PL; Fronhofer, EA",The conflict between adaptation and dispersal for maintaining biodiversity in changing environments,2019,10.1073/pnas.1911796116,WOS:000490183000042,
"Bukkuri, A; Pienta, KJ; Amend, SR; Austin, RH; Hammarlund, EU; Brown, JS",The contribution of evolvability to the eco-evolutionary dynamics of competing species,2023,10.1002/ece3.10591,WOS:001083750500001,
"Abu Awad, D; Billiard, S",The double edged sword: The demographic consequences of the evolution of self-fertilization,2017,10.1111/evo.13222,WOS:000401256200005,
"Shibasaki, S; Yamamichi, M",The double-edged effect of environmental fluctuations on evolutionary rescue,2026,10.1093/evolut/qpag034,WOS:001747773400001,
"Han, JX; Wang, RW",The Double-Edged Sword Effect of Assortative Mating on Adaptation,2026,10.1111/1749-4877.70136,WOS:001796390000001,
"Katsuhara, KR; Tachiki, Y; Iritani, R; Ushimaru, A",The eco-evolutionary dynamics of prior selfing rates promote coexistence without niche partitioning under conditions of reproductive interference,2021,10.1111/1365-2745.13768,WOS:000696397800001,
"Alfaro, M; Berestycki, H; Raoul, G","THE EFFECT OF CLIMATE SHIFT ON A SPECIES SUBMITTED TO DISPERSION, EVOLUTION, GROWTH AND NONLOCAL COMPETITION",2017,10.1137/16M1075934,WOS:000396681800019,
"Czuppon, P; Blanquart, F; Uecker, H; Débarre, F",The Effect of Habitat Choice on Evolutionary Rescue in Subdivided Populations,2021,10.1086/714034,WOS:000640009200001,
"Xu, KY",The effects of selfing on multi-step adaptation,2023,10.1093/evolut/qpac029,WOS:001021687300012,
"Svara, F; Rankin, DJ",The evolution of plasmid-carried antibiotic resistance,2011,10.1186/1471-2148-11-130,WOS:000291726600001,
"Revutskaya, O; Neverova, G; Zhdanova, O; Frisman, E",The Evolutionary Dynamics of a Sex-Structured Population with Non-Overlapping Generations,2023,10.3390/math11244971,WOS:001131269200001,
"Fogarty, L; Kandler, A",The fundamentals of cultural adaptation: implications for human adaptation,2020,10.1038/s41598-020-70475-3,WOS:000570035500065,
"Kardos, M; Luikart, G",The Genetic Architecture of Fitness Drives Population Viability during Rapid Environmental Change,2021,10.1086/713469,WOS:000631203600002,
"Xu, KY",The genetic basis of selfing rate evolution,2022,10.1111/evo.14480,WOS:000782881500001,
"Scheiner, SM; Barfield, M; Holt, RD","The genetics of phenotypic plasticity. XV. Genetic assimilation, the Baldwin effect, and evolutionary rescue",2017,10.1002/ece3.3429,WOS:000414873600012,
"Scheiner, SM; Barfield, M; Holt, RD",The genetics of phenotypic plasticity. XVII. Response to climate change,2020,10.1111/eva.12876,WOS:000508668100011,
"Khare, SB; Holt, RD; Scheiner, SM",The genetics of phenotypic plasticity. XVIII. Developmental limits restrict adaptive plasticity,2024,10.1093/evolut/qpae115,WOS:001292216600001,
"Nyhoegen, C; Bonhoeffer, S; Uecker, H",The many dimensions of combination therapy: How to combine antibiotics to limit resistance evolution,2024,10.1111/eva.13764,WOS:001282590900001,
"Yamaguchi, R; Wiley, B; Otto, SP",The phoenix hypothesis of speciation,2022,10.1098/rspb.2022.1186,WOS:000885940200002,
"Lipsitch, M; Levin, BR",The population dynamics of antimicrobial chemotherapy,1997,10.1128/AAC.41.2.363,WOS:A1997WG30300023,
"Orr, HA; Unckless, RL",The Population Genetics of Evolutionary Rescue,2014,10.1371/journal.pgen.1004551,WOS:000341577800040,
"Unckless, RL; Orr, HA",The Population Genetics of Evolutionary Rescue in Diploids: X Chromosomal versus Autosomal Rescue,2020,10.1086/707139,WOS:000519584000013,
"Martin, G; Aguilée, R; Ramsayer, J; Kaltz, O; Ronce, O",The probability of evolutionary rescue: towards a quantitative comparison between theory and evolution experiments,2013,10.1098/rstb.2012.0088,WOS:000311946400009,
"Freitas, O; Campos, PRA",The role of epistasis in evolutionary rescue,2024,10.1140/epje/s10189-024-00445-4,WOS:001280879900002,
"Lande, R; Shannon, S",The role of genetic variation in adaptation and population persistence in a changing environment,1996,10.2307/2410812,WOS:A1996TX89100038,
"Uecker, H; Hermisson, J",The Role of Recombination in Evolutionary Rescue,2016,10.1534/genetics.115.180299,WOS:000371304600028,
"Amirjanov, A",The role of selection on evolutionary rescue,2018,10.1142/S0129183118500171,WOS:000427875800007,
"Tomasini, M; Peischl, S",The role of spatial structure in multi-deme models of evolutionary rescue,2022,10.1111/jeb.14018,WOS:000811117800001,
"Ehrlich, E; Adje, G; Gaedke, U",The role of trade-off shapes for community adaptation and maintenance of ecosystem functions under environmental change,2025,10.1002/ecy.70156,WOS:001561971400007,
"Lauenroth, D; Gokhale, CS",Theoretical assessment of persistence and adaptation in weeds with complex life cycles,2023,10.1038/s41477-023-01482-1,WOS:001042057200001,
"Zeineddine, M; Jansen, VAA","TO AGE, TO DIE: PARITY, EVOLUTIONARY TRACKING AND COLE'S PARADOX",2009,10.1111/j.1558-5646.2009.00630.x,WOS:000266268000010,
"Travis, JMJ; Smith, HS; Ranwala, SMW",Towards a mechanistic understanding of dispersal evolution in plants: conservation implications,2010,10.1111/j.1472-4642.2010.00674.x,WOS:000278646000016,
"Freitas, O; Campos, PRA",Understanding evolutionary rescue and parallelism in response to environmental stress,2024,10.1093/evolut/qpae074,WOS:001278868200001,
"Gunnarsson, EB; De, S; Leder, K; Foo, J",Understanding the role of phenotypic switching in cancer drug resistance,2020,10.1016/j.jtbi.2020.110162,WOS:000517359900002,
"van Eldijk, TJB; Bisschop, K; Etienne, RS",Uniting Community Ecology and Evolutionary Rescue Theory: Community-Wide Rescue Leads to a Rapid Loss of Rare Species,2020,10.3389/fevo.2020.552268,WOS:000588409100001,
"Bonhoeffer, S; May, RM; Shaw, GM; Nowak, MA",Virus dynamics and drug therapy,1997,10.1073/pnas.94.13.6971,WOS:A1997XH03400070,
"Tanaka, MM; Wahl, LM",What drives bacterial extinction? The role of bacteriophages,2026,10.1016/j.tpb.2025.12.001,WOS:001640538400001,
"Chevin, LM; Lande, R",WHEN DO ADAPTIVE PLASTICITY AND GENETIC EVOLUTION PREVENT EXTINCTION OF A DENSITY-REGULATED POPULATION?,2010,10.1111/j.1558-5646.2009.00875.x,WOS:000276035000023,
"GOMULKIEWICZ, R; HOLT, RD",WHEN DOES EVOLUTION BY NATURAL-SELECTION PREVENT EXTINCTION,1995,10.2307/2410305,WOS:A1995RH53700018,
"Tomasini, M; Peischl, S",When does gene flow facilitate evolutionary rescue?,2020,10.1111/evo.14038,WOS:000543670500001,
"Xu, KY; Osmond, MM",When Does the Probability of Evolutionary Rescue Increase with the Strength of Selection despite a Potential Demographic Cost?,2026,10.1086/739607,WOS:001707943800001,
"Osmond, MM; Otto, SP; Klausmeier, CA",When Predators Help Prey Adapt and Persist in a Changing Environment,2017,10.1086/691778,WOS:000403565000009,
"Alfaro, M; Girardin, L; Hamel, F; Rogues, L",When the Allee threshold is an evolutionary trait: Persistence vs. extinction,2021,10.1016/j.matpur.2021.08.007,WOS:000707417900007,
